username,provider,uid,email
tamera.prohaska,github,256ef6ba-36eb-4a28-89e3-26dfa3f5afd9,joan.thompson@wunsch.co
renato,google,926731e1-5268-421b-baf7-eed7139b1cb9,elijah_kutch@ritchie-daugherty.info
paulina,github,88f89ff0-5ca9-4f37-8241-e5bc24d16d46,archie@okuneva.io
tonisha,github,a3a9fba0-03aa-4a2c-b69f-97a469e86310,muriel@weber.net
breanna,github,90e34ee9-bebd-41f8-8687-d16a1d4f73ae,pat.bogisich@kautzer-beer.co
jefferson_runte,google,cc438148-da33-4764-881a-d2d94ad15c56,lenny.greenfelder@braun.info
rebecka_monahan,google,6f74e502-e324-4551-b33e-90fea64efc30,elfriede@hagenes.biz
france,github,0b97e4e7-72ea-40cd-af3f-153c0420edf2,salina@balistreri-lynch.com
gregory.bednar,github,0db98dea-d724-4245-b5c7-3010611c1a70,edmond_ritchie@oconner.com
jong_larkin,github,25cb27ae-a45a-4c54-86b8-cde3e4dcf572,alec.howell@king.name
